{
    "Description": "This template contains the security groups required by our entire stack. We create them in a seperate nested template, so they can be referenced by all of the other nested templates.\n",
    "Parameters": {
        "EnvironmentName": {
            "Type": "String"
        },
        "EthereumVPC": {
            "Type": "AWS::EC2::VPC::Id"
        },
        "SourceCidrForWinRDP": {
            "Type": "String"
        }
    },
    "Resources": {
        "EC2SecurityGroup": {
            "Type": "AWS::EC2::SecurityGroup",
            "Properties": {
                "VpcId": {
                    "Ref": "EthereumVPC"
                },
                "GroupDescription": "Access to the ECS hosts and the tasks/containers that run on them",
                "SecurityGroupIngress": [
                    {
                        "SourceSecurityGroupId": {
                            "Ref": "ETHBastionSecurityGroup"
                        },
                        "IpProtocol": -1
                    }
                ],
                "Tags": [
                    {
                        "Key": "Name",
                        "Value": {
                            "Fn::Sub": "${EnvironmentName}-ECS-Hosts"
                        }
                    },
                    {
                        "Key": "Project",
                        "Value": "ACSEOCT20-CAPSTONE"
                    },
                    {
                        "Key": "Owner",
                        "Value": "Mangesh Joshi"
                    }
                ]
            }
        },
        "EC2SecurityGroupIngress": {
            "Type": "AWS::EC2::SecurityGroupIngress",
            "DependsOn": "EC2SecurityGroup",
            "Properties": {
                "GroupId": {
                    "Ref": "EC2SecurityGroup"
                },
                "SourceSecurityGroupId": {
                    "Ref": "EC2SecurityGroup"
                },
                "IpProtocol": -1
            }
        },
        "ETHBastionSecurityGroup": {
            "Type": "AWS::EC2::SecurityGroup",
            "Properties": {
                "VpcId": {
                    "Ref": "EthereumVPC"
                },
                "GroupDescription": "Enable RDP",
                "SecurityGroupIngress": [
                    {
                        "IpProtocol": "tcp",
                        "FromPort": "3389",
                        "ToPort": "3389",
                        "CidrIp": {
                            "Ref": "SourceCidrForWinRDP"
                        }
                    },
                    {
                        "IpProtocol": "tcp",
                        "FromPort": "80",
                        "ToPort": "80",
                        "CidrIp": {
                            "Ref": "SourceCidrForWinRDP"
                        }
                    },
                    {
                        "IpProtocol": "tcp",
                        "FromPort": "8545",
                        "ToPort": "8545",
                        "CidrIp": {
                            "Ref": "SourceCidrForWinRDP"
                        }
                    },
                    {
                        "IpProtocol": "tcp",
                        "FromPort": "8544",
                        "ToPort": "8544",
                        "CidrIp": {
                            "Ref": "SourceCidrForWinRDP"
                        }
                    }
                ],
                "Tags": [
                    {
                        "Key": "Name",
                        "Value": {
                            "Fn::Sub": "${EnvironmentName}-bastion-sg"
                        }
                    },
                    {
                        "Key": "Project",
                        "Value": "ACSEOCT20-CAPSTONE"
                    },
                    {
                        "Key": "Owner",
                        "Value": "Mangesh Joshi"
                    }
                ]
            }
        }
    },
    "Outputs": {
        "EC2SecurityGroup": {
            "Description": "A reference to the security group for ECS Container Instances",
            "Value": {
                "Ref": "EC2SecurityGroup"
            }
        },
        "ETHBastionSecurityGroup": {
            "Description": "A reference to the security group for the Windows Bastion Host",
            "Value": {
                "Ref": "ETHBastionSecurityGroup"
            }
        }
    }
}