{
    "AWSTemplateFormatVersion": "2010-09-09",
    "Description": "This template creates a single BASTION server(Microsoft Windows Server 2016 ) server.\n ",
    "Parameters": {
        "EC2KeyPairName": {
            "Type": "AWS::EC2::KeyPair::KeyName"
        },
        "ETHBastionSecurityGroup": {
            "Type": "String"
        },
        "EthereumPublicSubnet1": {
            "Type": "String"
        },
        "EthereumPublicSubnet2": {
            "Type": "String"
        },
        "EnvironmentName": {
            "Type": "String"
        },
        "LatestAmiId": {
            "Type": "String",
            "Default": "ami-0685cb76db3624f25"
        }
    },
    "Resources": {
        "WindowsBastionEIP": {
            "Type": "AWS::EC2::EIP",
            "Properties": {
                "InstanceId": {
                    "Ref": "WindowsBastion"
                }
            }
        },
        "WindowsBastion": {
            "Type": "AWS::EC2::Instance",
            "Properties": {
                "InstanceType": "t2.micro",
                "ImageId": {
                    "Ref": "LatestAmiId"
                },
                "SecurityGroupIds": [
                    {
                        "Ref": "ETHBastionSecurityGroup"
                    }
                ],
                "KeyName": {
                    "Ref": "EC2KeyPairName"
                },
                "SubnetId": {
                    "Ref": "EthereumPublicSubnet2"
                },
                "Tags": [
                    {
                        "Key": "Name",
                        "Value": "Ethereum Windows bastion host"
                    },
                    {
                        "Key": "Project",
                        "Value": "ACSEOCT20-CAPSTONE"
                    },
                    {
                        "Key": "Owner",
                        "Value": "Mangesh Joshi"
                    }
                ]
            }
        }
    },
    "Outputs": {
        "WindowsBastion": {
            "Description": "Windows bastion host used for remote access",
            "Value": {
                "Ref": "WindowsBastion"
            }
        },
        "WindowsBastionEIP": {
            "Description": "Windows bastion EIP to connect to",
            "Value": {
                "Ref": "WindowsBastionEIP"
            }
        },
        "WindowsBastionSG": {
            "Description": "SG used to control access to Windows bastion host",
            "Value": {
                "Ref": "ETHBastionSecurityGroup"
            }
        }
    }
}