{
    "Description": "This is the Ethereum master template to build private Ethereum blockchain.",
    "Parameters": {
        "NestedTemplateURL": {
            "Type": "String",
            "Default": "https://tempbastion.s3.amazonaws.com/artifacts/template/",
            "Description": "The key prefix for the Amazon S3 bucket where the nested CloudFormation templates are stored. This is available for versioning."
        },
        "EC2KeyPairName": {
            "Type": "AWS::EC2::KeyPair::KeyName",
            "Description": "The name of an existing EC2 key pair to enable access to EC2 instances in the stack. Kindly adjust as per the key you have.",
            "Default": "tempbastion.pem"
        },
        "EnvironmentName": {
            "Description": "An environment name that will be prefixed to resource names",
            "Type": "String",
            "Default": "ACSEOCT_CAPSTON_PVT_BLKCHAIN"
        },
        "EthereumVpcCIDR": {
            "Description": "Please enter the IP range (CIDR notation) for this VPC",
            "Type": "String",
            "Default": "172.32.0.0/23"
        },
        "EthereumPublicSubnet1CIDR": {
            "Description": "Please enter the IP range (CIDR notation) for the public subnet in the first Availability Zone",
            "Type": "String",
            "Default": "172.32.0.0/28"
        },
        "EthereumPublicSubnet2CIDR": {
            "Description": "Please enter the IP range (CIDR notation) for the public subnet in the second Availability Zone",
            "Type": "String",
            "Default": "172.32.0.16/28"
        },
        "BastionCIDRforRDP": {
            "Description": "IP Cidr from which you are likely to RDP into the instances.Hint - Your machine IP address",
            "Type": "String",
            "MinLength": "9",
            "MaxLength": "18",
            "AllowedPattern": "^([0-9]+\\.){3}[0-9]+\\/[0-9]+$",
            "Default": "0.0.0.0/0"
        },
        "LatestAmiId": {
            "Description": "Windows AMI for Bastion host",
            "Type": "AWS::SSM::Parameter::Value<AWS::EC2::Image::Id>",
            "Default": "/aws/service/ami-windows-latest/Windows_Server-2016-English-Full-Base"
        }
    },
    "Resources": {
        "VPC": {
            "Type": "AWS::CloudFormation::Stack",
            "Properties": {
                "TemplateURL": {
                    "Fn::Sub": "${NestedTemplateURL}3-VPC.template.json"
                },
                "Parameters": {
                    "EnvironmentName": {
                        "Ref": "AWS::StackName"
                    },
                    "EthereumVpcCIDR": {
                        "Ref": "EthereumVpcCIDR"
                    },
                    "EthereumPublicSubnet1CIDR": {
                        "Ref": "EthereumPublicSubnet1CIDR"
                    },
                    "EthereumPublicSubnet2CIDR": {
                        "Ref": "EthereumPublicSubnet2CIDR"
                    }
                },
                "Tags": [
                    {
                        "Key": "Project",
                        "Value": "ACSEOCT20-CAPSTONE"
                    },
                    {
                        "Key": "Owner",
                        "Value": "Mangesh Joshi"
                    }
                ]
            }
        },
        "SecurityGroups": {
            "Type": "AWS::CloudFormation::Stack",
            "Properties": {
                "TemplateURL": {
                    "Fn::Sub": "${NestedTemplateURL}4-SecurityGroup.template.json"
                },
                "Parameters": {
                    "EnvironmentName": {
                        "Ref": "AWS::StackName"
                    },
                    "EthereumVPC": {
                        "Fn::GetAtt": [
                            "VPC",
                            "Outputs.EthereumVPC"
                        ]
                    },
                    "SourceCidrForWinRDP": {
                        "Ref": "BastionCIDRforRDP"
                    }
                },
                "Tags": [
                    {
                        "Key": "Project",
                        "Value": "ACSEOCT20-CAPSTONE"
                    },
                    {
                        "Key": "Owner",
                        "Value": "Mangesh Joshi"
                    }
                ]
            }
        },
        "Bastion": {
            "Type": "AWS::CloudFormation::Stack",
            "Properties": {
                "TemplateURL": {
                    "Fn::Sub": "${NestedTemplateURL}5-Bastion.template.json"
                },
                "Parameters": {
                    "EC2KeyPairName": {
                        "Ref": "EC2KeyPairName"
                    },
                    "ETHBastionSecurityGroup": {
                        "Fn::GetAtt": [
                            "SecurityGroups",
                            "Outputs.ETHBastionSecurityGroup"
                        ]
                    },
                    "EthereumPublicSubnet1": {
                        "Fn::GetAtt": [
                            "VPC",
                            "Outputs.EthereumPublicSubnet1"
                        ]
                    },
                    "EthereumPublicSubnet2": {
                        "Fn::GetAtt": [
                            "VPC",
                            "Outputs.EthereumPublicSubnet2"
                        ]
                    },
                    "EnvironmentName": {
                        "Ref": "AWS::StackName"
                    },
                    "LatestAmiId": {
                        "Ref": "LatestAmiId"
                    }
                },
                "Tags": [
                    {
                        "Key": "Project",
                        "Value": "ACSEOCT20-CAPSTONE"
                    },
                    {
                        "Key": "Owner",
                        "Value": "Mangesh Joshi"
                    }
                ]
            }
        }
    },
    "Outputs": {
        "EthereumVPC": {
            "Description": "A reference to the created EthereumVPC",
            "Value": {
                "Fn::GetAtt": [
                    "VPC",
                    "Outputs.EthereumVPC"
                ]
            }
        },
        "EthereumPublicSubnets": {
            "Description": "A list of the public subnets",
            "Value": {
                "Fn::GetAtt": [
                    "VPC",
                    "Outputs.EthereumPublicSubnets"
                ]
            }
        },
        "WindowsBastionHost": {
            "Description": "Windows bastion host used for remote access",
            "Value": {
                "Fn::GetAtt": [
                    "Bastion",
                    "Outputs.WindowsBastion"
                ]
            }
        },
        "WindowsBastionSG": {
            "Description": "SG used to control access to Windows bastion host",
            "Value": {
                "Fn::GetAtt": [
                    "SecurityGroups",
                    "Outputs.ETHBastionSecurityGroup"
                ]
            }
        },
        "WindowsBastionEIP": {
            "Description": "Windows bastion EIP to connect to",
            "Value": {
                "Fn::GetAtt": [
                    "Bastion",
                    "Outputs.WindowsBastionEIP"
                ]
            }
        }
    }
}