{
    "Description": "This template deploys a VPC, with a pair of public and private subnets spread  across two Availabilty Zones. It deploys an Internet Gateway, with a default  route on the public subnets. It deploys a pair of NAT Gateways (one in each AZ),  and default routes for them in the private subnets.\n",
    "Parameters": {
        "EnvironmentName": {
            "Type": "String"
        },
        "EthereumVpcCIDR": {
            "Type": "String"
        },
        "EthereumPublicSubnet1CIDR": {
            "Type": "String"
        },
        "EthereumPublicSubnet2CIDR": {
            "Type": "String"
        }
    },
    "Resources": {
        "EthereumVPC": {
            "Type": "AWS::EC2::VPC",
            "Properties": {
                "CidrBlock": {
                    "Ref": "EthereumVpcCIDR"
                },
                "EnableDnsHostnames": true,
                "Tags": [
                    {
                        "Key": "Name",
                        "Value": {
                            "Ref": "EnvironmentName"
                        }
                    },
                    {
                        "Key": "Project",
                        "Value": "ACSEOCT20-CAPSTONE"
                    },
                    {
                        "Key": "Owner",
                        "Value": "Mangesh Joshi"
                    }
                ]
            }
        },
        "InternetGateway": {
            "Type": "AWS::EC2::InternetGateway",
            "Properties": {
                "Tags": [
                    {
                        "Key": "Name",
                        "Value": {
                            "Ref": "EnvironmentName"
                        }
                    },
                    {
                        "Key": "Project",
                        "Value": "ACSEOCT20-CAPSTONE"
                    },
                    {
                        "Key": "Owner",
                        "Value": "Mangesh Joshi"
                    }
                ]
            }
        },
        "InternetGatewayAttachment": {
            "Type": "AWS::EC2::VPCGatewayAttachment",
            "Properties": {
                "InternetGatewayId": {
                    "Ref": "InternetGateway"
                },
                "VpcId": {
                    "Ref": "EthereumVPC"
                }
            }
        },
        "EthereumPublicSubnet1": {
            "Type": "AWS::EC2::Subnet",
            "Properties": {
                "VpcId": {
                    "Ref": "EthereumVPC"
                },
                "AvailabilityZone": {
                    "Fn::Select": [
                        0,
                        {
                            "Fn::GetAZs": ""
                        }
                    ]
                },
                "CidrBlock": {
                    "Ref": "EthereumPublicSubnet1CIDR"
                },
                "MapPublicIpOnLaunch": true,
                "Tags": [
                    {
                        "Key": "Name",
                        "Value": {
                            "Fn::Sub": "${EnvironmentName} Public Subnet (AZ1)"
                        }
                    },
                    {
                        "Key": "Project",
                        "Value": "ACSEOCT20-CAPSTONE"
                    },
                    {
                        "Key": "Owner",
                        "Value": "Mangesh Joshi"
                    }
                ]
            }
        },
        "EthereumPublicSubnet2": {
            "Type": "AWS::EC2::Subnet",
            "Properties": {
                "VpcId": {
                    "Ref": "EthereumVPC"
                },
                "AvailabilityZone": {
                    "Fn::Select": [
                        1,
                        {
                            "Fn::GetAZs": ""
                        }
                    ]
                },
                "CidrBlock": {
                    "Ref": "EthereumPublicSubnet2CIDR"
                },
                "MapPublicIpOnLaunch": true,
                "Tags": [
                    {
                        "Key": "Name",
                        "Value": {
                            "Fn::Sub": "${EnvironmentName} Public Subnet (AZ2)"
                        }
                    },
                    {
                        "Key": "Project",
                        "Value": "ACSEOCT20-CAPSTONE"
                    },
                    {
                        "Key": "Owner",
                        "Value": "Mangesh Joshi"
                    }
                ]
            }
        },
        "NatGateway1EIP": {
            "Type": "AWS::EC2::EIP",
            "DependsOn": "InternetGatewayAttachment",
            "Properties": {
                "Domain": "vpc",
                "Tags": [
                    {
                        "Key": "Project",
                        "Value": "ACSEOCT20-CAPSTONE"
                    },
                    {
                        "Key": "Owner",
                        "Value": "Mangesh Joshi"
                    }
                ]
            }
        },
        "NatGateway2EIP": {
            "Type": "AWS::EC2::EIP",
            "DependsOn": "InternetGatewayAttachment",
            "Properties": {
                "Domain": "vpc",
                "Tags": [
                    {
                        "Key": "Project",
                        "Value": "ACSEOCT20-CAPSTONE"
                    },
                    {
                        "Key": "Owner",
                        "Value": "Mangesh Joshi"
                    }
                ]
            }
        },
        "NatGateway1": {
            "Type": "AWS::EC2::NatGateway",
            "Properties": {
                "AllocationId": {
                    "Fn::GetAtt": [
                        "NatGateway1EIP",
                        "AllocationId"
                    ]
                },
                "SubnetId": {
                    "Ref": "EthereumPublicSubnet1"
                },
                "Tags": [
                    {
                        "Key": "Project",
                        "Value": "ACSEOCT20-CAPSTONE"
                    },
                    {
                        "Key": "Owner",
                        "Value": "Mangesh Joshi"
                    }
                ]
            }
        },
        "NatGateway2": {
            "Type": "AWS::EC2::NatGateway",
            "Properties": {
                "AllocationId": {
                    "Fn::GetAtt": [
                        "NatGateway2EIP",
                        "AllocationId"
                    ]
                },
                "SubnetId": {
                    "Ref": "EthereumPublicSubnet2"
                },
                "Tags": [
                    {
                        "Key": "Project",
                        "Value": "ACSEOCT20-CAPSTONE"
                    },
                    {
                        "Key": "Owner",
                        "Value": "Mangesh Joshi"
                    }
                ]
            }
        },
        "PublicRouteTable": {
            "Type": "AWS::EC2::RouteTable",
            "Properties": {
                "VpcId": {
                    "Ref": "EthereumVPC"
                },
                "Tags": [
                    {
                        "Key": "Name",
                        "Value": {
                            "Fn::Sub": "${EnvironmentName} Public Routes"
                        }
                    },
                    {
                        "Key": "Project",
                        "Value": "ACSEOCT20-CAPSTONE"
                    },
                    {
                        "Key": "Owner",
                        "Value": "Mangesh Joshi"
                    }
                ]
            }
        },
        "DefaultPublicRoute": {
            "Type": "AWS::EC2::Route",
            "DependsOn": "InternetGatewayAttachment",
            "Properties": {
                "RouteTableId": {
                    "Ref": "PublicRouteTable"
                },
                "DestinationCidrBlock": "0.0.0.0/0",
                "GatewayId": {
                    "Ref": "InternetGateway"
                }
            }
        },
        "PublicSubnet1RouteTableAssociation": {
            "Type": "AWS::EC2::SubnetRouteTableAssociation",
            "Properties": {
                "RouteTableId": {
                    "Ref": "PublicRouteTable"
                },
                "SubnetId": {
                    "Ref": "EthereumPublicSubnet1"
                }
            }
        },
        "PublicSubnet2RouteTableAssociation": {
            "Type": "AWS::EC2::SubnetRouteTableAssociation",
            "Properties": {
                "RouteTableId": {
                    "Ref": "PublicRouteTable"
                },
                "SubnetId": {
                    "Ref": "EthereumPublicSubnet2"
                }
            }
        }
    },
    "Outputs": {
        "EthereumVPC": {
            "Description": "A reference to the created VPC",
            "Value": {
                "Ref": "EthereumVPC"
            }
        },
        "EthereumPublicSubnets": {
            "Description": "A list of the public subnets",
            "Value": {
                "Fn::Join": [
                    ",",
                    [
                        {
                            "Ref": "EthereumPublicSubnet1"
                        },
                        {
                            "Ref": "EthereumPublicSubnet2"
                        }
                    ]
                ]
            }
        },
        "EthereumPublicSubnet1": {
            "Description": "A reference to the public subnet in the 1st Availability Zone",
            "Value": {
                "Ref": "EthereumPublicSubnet1"
            },
            "Export": {
                "Name": {
                    "Fn::Sub": "${EnvironmentName}-EthereumPublicSubnet1"
                }
            }
        },
        "EthereumPublicSubnet2": {
            "Description": "A reference to the public subnet in the 2nd Availability Zone",
            "Value": {
                "Ref": "EthereumPublicSubnet2"
            }
        }
    }
}